{
  "feature_names": [
    "return_5d",
    "return_20d",
    "return_60d",
    "volatility_20d",
    "volatility_60d",
    "sma_gap_10_30",
    "sma_gap_20_60",
    "volume_ratio_10_30",
    "drawdown_60d",
    "rsi_14"
  ],
  "feature_mean": [
    0.2599424123764038,
    1.385158658027649,
    5.935776233673096,
    2.123927593231201,
    2.23060941696167,
    0.5191805362701416,
    1.4527380466461182,
    1.1693789958953857,
    -9.016435623168945,
    52.34042739868164
  ],
  "feature_std": [
    5.297208786010742,
    10.00285530090332,
    19.676422119140625,
    1.17587149143219,
    1.0132453441619873,
    4.687186241149902,
    7.1380615234375,
    17.36126708984375,
    9.260176658630371,
    17.319860458374023
  ],
  "symbols": [
    "NVDA",
    "AAPL",
    "MSFT",
    "AMZN",
    "GOOGL",
    "META",
    "TSLA",
    "PLTR"
  ],
  "sample_count": 2352,
  "sample_count_by_symbol": {
    "NVDA": 294,
    "AAPL": 294,
    "MSFT": 294,
    "AMZN": 294,
    "GOOGL": 294,
    "META": 294,
    "TSLA": 294,
    "PLTR": 294
  },
  "prediction_horizon_days": 20,
  "lookback_days": 60,
  "epochs": 30,
  "training_loss": 70.0374051756778,
  "validation_loss": 307.3933410644531,
  "validation_mae": 16.256732940673828
}